Наименование;Цена
Aruba;
Aruba instant On AP 11 Access Point;95
Baseus;
Бейсус A00079500113-00 Bass 15 Clip Open-Ear True Wireless Earphones Cluster Black;15
Бейсус A20067900117-00 AeQur VO20 Portable Wireless Speaker;30
Бейсус B0005280B811-10 UltraJoy Series 4-Port  HUB Lite 15cm Space Grey?USB-A to USB 3.0*4+USB-C 5V?;8
Бейсус C00081100121-00 BackseatPal L1 In-vehicle Car Charger 3U+3C 110W Cosmic Black;15
Бейсус CAHUB-DG0G  Working Station Three-Screen Multifunctional Type-C HUB AdapterDark gray;90
Бейсус P10377706213-00 Silky One-for-Three Fast Charging Cable USB-C to M+L+C 100W 1.5m;8
Бейсус WKQX000301 Lite Series Ethernet Adapter Type-C to RJ45 LAN Port (1000Mbps) Black;10
Бейсус WKWG070013 Metal Gleam Series 4-in-1 Multifunctional Type-C HUB Docking Station Gray?Type-C t;12
Бейсус A00050800211-00 AeQur GH02 Gaming Wireless Headphones Moon White;48
Бейсус P1011160A113-01 Palm Fast Charger C+U 30W EU Cluster Black;13
Бейсус WKCD010013 Orange Dot Wireless Presenter (Green Laser)(Charging) Grey;18
D-Link;
D Link NAS QNAP TS-231К;330
D Link QNAP TS-251D -2G;420
D Link Медиаконвертор 10/100  Прастой;15
D Link Медиаконвертор 10/100/1000   Гигабайт;19
D Link Сетевая карта D Link 100-1000  DGE-560 T;16
D Link NAS QNAP TS-453D-4G;590
D Link NAS QNAP TS-653D-4G;705
DVD RW Приводы;
External USB DVD/RW  drive;20
Бокс НДД   WD Seagate Toshiba;5
DVD Планка барои SSD;3
ДВД;8
TP-Link  Wireless Routeri;
TP-LINK Wi-Fi адаптер TL WN 881ND;12
Роутер TP-LINK Archer C9;100
TP-LINK Archer T1U   AC450 Wireless Nano USB Adapter;10
TP-LINK Bluetooth+Wi-Fi адаптер Archer TX55E;32
CPE210  2.4GHz 300Mbps 9dBi Outdoor CPE;30
CPE510  5GHz 300Mbps 13dBi Outdoor CPE;50
Netis WF-2301 150Mbps Wireless N Outdoor Access Point;30
SANDISK 16GB Wireless Flash Drive;20
TL-SM321A  1000Base-BX WDM Bi-Directional SFP Module;33
TL-SM321B  1000Base-BX WDM Bi-Directional SFP Module;20
TP-LINK TG-3468 Gigabit PCI Express Network Adapter;10
Роутер TP-Link Archer AX53 AX3000;52
Роутер TP-LINK Deco M4 ( 3Pack )AC1200 Gigabit Whole Home Mesh Wi-Fi System;100
Роутер TP-LINK MR100 Наружный;50
TP-LINK RE450 усилитель Wi-Fi сигнала;49
TP-LINK RE605X усилитель Wi-Fi сигнала;55
TP-LINK RE700X усилитель Wi-Fi сигнала;70
Роутер TP-LINK, Archer, C20,;20
WF2150 N600 Wireless Dual Band USB Adapter;14
XPON Dual Band ONU WL 8421-B;25
Роутер TP-LINK Archer C86;38
Роутер TP-Link TL-MR105;32
TP-LINK Сетевая карта <TL-WN781ND;9
Роутер TP-LINK Archer AX23 AX1800 Dual-Band Wi-Fi 6 Router;40
Роутер TP-LINK Archer C6  Wireless Dual Band AC1350 Router;29
Роутер TP-Link Archer MR500 AC1200 4G LTE;75
Роутер TP-LINK AX55 Dual Band Gigabit AX3000 Wi-Fi 6 OneMesh Router;60
TP-LINK WA850RE 300Mbps Wi-Fi Range Extender;21
Роутер TP-LINK 300 Mbps 3G/4G Wireless Router MR 3420;17
TP-LINK Archer T3U Plus AC1300 High Gain Wireless Dual Band Adapter;14
Роутер TP LINK AX1500 Wi-Fi 6 OneMesh Broadband Archer AX10;40
Роутер TP-LINK Deco X50-4G(1-pack) 4G+ AX3000 Whole Home Mesh Wi-Fi 6;145
TP-LINK Archer T4U   AC1300 Wireless Dual Band USB Adapter;22
TL-SM311LS  MiniGBIC Module;21
TP-LINK WN725N 150Mbps Wireless N USB Adapter;7
Роутер TP-LINK Deco M5 ( 3Pack )AC1300   Mesh Wi-Fi System;150
Роутер TP-Link Archer NX200 5G AX1800 Wireless Dual Band Gigabit Router;165
Роутер TP-Link  AX72 AX5400 Dual-Band Gigabit Wi-Fi 6 Router;85
Роутер TP-LINK Deco X50 Poe  (3-pack) AX3000 Mesh WiFi 6 System;225
Роутер TP-LINK DECO X50 5G ROUTER AX3000 ( 1 PACK );210
Роутер TP-LINK Archer C64;25
XPON Single Band ONU WL 8411-A;16
НА100;15
Роутер TP-LINK Archer AX73 AX5400 Dual-Band Wi-Fi 6 Router;90
Роутер TP-Link Archer BE220 BE3600 Dual Band WiFi 7 Router;60
TP-LINK WA855RE 300Mbps Wi-Fi Range Extender;23
TP-LINK WN823N 300Mbps Wireless N USB Adapter;10
Роутер TP-LINK WR 846 N 300 Mbps Wireless N Router;16
Ubiquiti;
Ubiquiti adapter 24v 1a Poe;25
Ubiquiti adapter 48v Poe;25
Ubiquiti радиомост M2 400;100
Ubiquiti U6 PLUS;115
Ubiquiti adapter U7 Pro Max;25
Ubiquiti точка доступа потолочный U7 Pro;200
Ubiquiti точка доступа потолочный U7 Pro Max;300
UPS Mercury  APC;
APC Easy UPS RAIL KIT. 700mm for SRV1. SRV2. SRV3kVA;25
UPS MERCURY MAVERICK 750;35
UPS MERCURY MAVERICK 850;40
APC Easy UPS SRV RM 2000VA 230V ,with RailKit S;900
UPS MERCURY MAVERICK 1050;56
UPS MERCURY ELITE 1200VA;75
UPS MERCURY ELITE 1500 PRO UPS, SCHUKO PLUG;94
APC Easy UPS BV 650VA, AVR М;70
APC Easy UPS BV 1000VA, AVR, M;110
APC  UPS SRV 1 KI;385
UPS MERCURY ELITE 3200VA SMART;230
UPS MERCURY ELITE 2200U SMART UPS, SCHUKO PLUG;125
APC Easy UPS  On-Line SRV RM 10000VA 230V SRV10KRIRK  М;3 600
Web Cam;
Вебка Logitech C922;60
Вебка Logitech C920 Pro;58
Xerox;
Ксерокс Cartridge 106R01415 Xerox Phaser 3435 Китай;28
Ксерокс Phaser 3010/WC3045 Hi-Cap cartridge 2.3K;10
Ксерокс Toner 5019 / 5021  Toner;14
Ксерокс WC 415/415DC / WCPro315/320/420/420DC Toner (2 x 6k)<006R01044>;2
Ксерокс 11K 106R02306  phaser 3320;25
Ксерокс Yellow Toner Cartridge (1k) Phaser 6110 <106R01204>;11
Ксерокс Картридж Phaser 6125  4 цвет;50
Ксерокс картридж 106R01529 3550;22
Ксерокс Black for 106R02732  Xerox 3610/3615;18
Ксерокс Drum for 113R00773  Xerox 3610;40
Антивирусы Kaspersky Nod-32;
Антивирус Касперский Plus  5 ключ  1год;27
Антивирус Касперский Standart  3 ключ  1год;18
Антивирус Касперский Standart  5 ключ  1год;19
Антивирус norton security deluxe    2 ключа на 1 год;20
Антивирус Касперский Plus  3 ключ  1год;22
Батарейки для UPS;
Батарейка MERCURY SEALED LEADED BATTERY 8.2AH/12V;19
Батарейка  12 В 5 Ампер;15
Батарейка MERCURY SEALED LEADED BATTERY 9AH/12V;22
Блок-Питание Mercury;
Блок Питания GALAX OMEGA GL650S, Power Supply;40
Блок Питания Segotep Power Supply AN650W;40
Блок Питания Segotep Power Supply GM1000W (ATX3.0 & PCIE 5.0);110
Блок Питания Segotep Power Supply GM1250W;125
Блок Питания Segotep Power Supply GM1250W (ATX3.0 & PCIE 5.0);125
Блок Питания Vision 550wat;8,5
Блок Питания Vision 550wat МИНИ;9
Блок Питания Vision 750 wat ОЕМ;34
Блок Питания Vision 850 wat ОЕМ;37
Блок Питания 500 wat Dragon;8,5
Блок Питания Segotep Power Supply GM850W;90
Блок Питания Vision 600wat;22
Блок Питания Cooler Master 600W;20
Видеокарты;
Видеокарта A76D Black GF RTX3050 6GB EX White PCI-E / GDDR6 96Bit;250
Видеокарта B67D Black GF RTX5060 Ti 1-Click OC White PCI-E 8GB / GDDR7;530
Видеокарта B67O Black GF RTX5060 1-Click OC V2 PCI-E 8GB / GDDR7 128BIT;455
Видеокарта B76O Black GF RTX5050 1-Click OC PCI-E 8GB / GDDR6;375
Видеокарта GALAX B37S Black GF RTX5080 1-Click OC PCI-E 16GB / GDDR7;1 600
Видеокарта Galax PG190 BLACK GF RTX 3060 1-Click OC PCI-E 12GB;385
Видеокарта ASUS GT 710 2G DDR5;50
Видеокарта MSI RTX 5060 8G  Ventus 2X;440
Грандстрим;
Grandstream GRP2602Р Славик;60
Блок Питани для гранстрим телефон;6
Grandstream GRP2601, 2 SIP accounts;45
Grandstream GWN7605, WiFi Access Point,;95
Grandstream GWN7801P, Enterprise Layer 2+ Managed Network Switch, 8-ports Gigabit;190
Grandstream UCM6302, IP PBX appliance, 2 FXO ports, 2 FXS ports, Dual GigE RJ45 Ethernet;520
Grandstream DP755 DECT VoIP Base Station;57
Grandstream GRP2604P,;70
Grandstream GXP1628;70
Grandstream GXP2170;148
Expansion Module for GXP2140, GXP2170 and GXV3240;125
Grandstream DP750, Wireless DECT Base Station;55
Grandstream GXP1615, Small-Medium Business IP Phone;52
Камера Ip;
Камера внутренняя Dahua IPC-HDW1239T1P-A-LED-0280B (23465);33
Камера внутренняя IPC-T22EP-0280B-imou;3
Камера наружная Dahua HAC-ME1509THP-A-PV-0360B-S2;60
Камера наружная Dahua IPC-HFW1239S1P-LED-0280B-S5-QH2;29
Камера Аналог;
Камера наружная Dahua DH-HAC-HFW1200CMP-IL-A-0280B;23
Камера внутренняя Dahua HAC-ME1509HP-A-PV-0280B-S2;64,5
Дамафон;
Домофон Блок питания Dahua PFM320S-50-PMT, PMT-12V50W1AA;16
Домофон Электромеханический Замок Dahua ASF601A;43
Домофон Видеорегистратор HDCVI Dahua XVR5104C-I3;64
Домофон Аналоговый Видеодомофон Dahua KTA02 Kit комплект;75
Домофон IP Видеодомофон Dahua KTP01(S)  Kit комплект;300
Жоский Диск Внешка;
HDD 2Tb Toshiba Canvio Basics;99
HDD 1Tb  Toshiba Canvio Basics;87
HDD WD   My Book 8Tb;295
HDD Seagate Expansion  1Tb;84
HDD Seagate Expansion  2Tb;99
HDD Seagate Expansion  4Tb;148
HDD WD My Passport 2Tb;99
SSD Lexar 512GB SL260 Air Portable;70
SSD Lexar 1TB SL260 Air Portable;105
SSD Lexar 2TB SL300 Air Portable;225
HDD 4Tb  Toshiba Canvio Basics;158
HDD WD My Passport  4TB;158
SSD Lexar 1TB SL300 Air Portable;125
HDD WD  My Passport 5Tb;180
HDD Seagate OneTouch with HUB   8Tb USB3.0 + 2-port USB3.0 hub;295
HDD TRANSCEND  HDD 2Tb;145
Жоский Диски;
HDD  WD Purple  1 TB  New;120
HDD  WD Purple  10 TB  New;470
HDD  WD Purple  14 TB  New;470
HDD  WD Purple  2 TB  New;140
HDD  WD Purple  8 TB  New;360
SSD 2,5 Lexar 512 GB;70
SSD Lexar M.2 2280 NVMe SSD 1ТB;140
SSD Lexar M.2 2280 NVMe SSD 512;75
SSD NVMe Samsung 990 Evo plus 1 TB;230
SSD NVMe Samsung 990 Evo plus 2 TB;330
SSD NVMe Samsung 990 Pro 1TB;240
SSD NVMe Samsung 990 Pro 2TB;380
SSD 2,5 Lexar 128 GB;25
HDD  WD Purple  4 TB  New;170
HDD  WD Purple  6 TB  New;235
SSD Lexar M.2 2280 NVMe SSD 2ТB;215
SSD NVMe Lexar 1TB LNM 790;165
SSD NVMe Lexar 2TB LNM 790;260
SSD HP FX 700  NVMe SSD 512;80
HDD 1TB  2,5 Ноутбучный;60
SSD NVMe Samsung  256 Gb;55
SSD Kingston M.2 2280 NVMe SSD 1 TB;130
SSD NVMe Samsung 980 512 Gb;100
SSD Lexar THOR PRO M.2 2280 NVMe SSD 512;100
SSD 2,5 Lexar 1TB;110
SSD Lexar M.2 2280 NVMe SSD 256;55
SSD 2,5 Kingston 480 Gb;90
SSD  2,5 Lexar 2TB;190
SSD NVMe Lexar 512 GB LNM 790;95
SSD 2,5 Lexar 256 GB;45
Кабель Бейсус;
Кабель Baseus High Speed CAT5 Gigabit   (Round Cable)10m Cluster Black;5
Кабель Baseus High Speed CAT5 Gigabit  (Round Cable)8m Cluster Black;4
Кабель P10381400111-00 Baseus Dynamic 4 Fast Charging Data Cable USB-C to USB-C 100W 1m;4
Кабеля UTP SFTP FTP;
Кабель SFTP MERCURY CAT 6 SFTP 305M Cable;68
Кабель UTP MERCURY CAT 6 UTP 305M Cable;45
Кабель SFTP Cat6   305M Бабина Сафед  Китай;55
Кабель SFTP Cat6  Сиех Бабина арзон;105
Кабель SFTP Cat6 0.56mm Copper, 80*0.12AL-MGbraiding PVC+PEdouble Jacket  Outdoor;150
Кабель Питани;1
Кабель Принтер 1,5;1
Кабель SFTP AMPXL 6668 Сat 6 24AVG;150
OM3-150M indoor fiber cable  , PVC jacket 4 cores;260
Кабель SFTP Cat6 0.56mm Copper, 80*0.12 AL-MG braiding   Indoor;145
Картриджы Гуанчо Хитой;
Картридж Canon cartridge CF238X/CRG-737 Аsta;8
Картридж Canon cartridge CRG-051D;10
Картридж CF219A;9
Картридж Xerox 3130;35
Картридж Xerox 3140;10
Картридж Xerox 3345;30
Картридж 703A FX-10/12;8
Картридж Canon ЕР 27;8
Картридж hp 53A;7
Картридж SAMSUNG MLT-D101S;9
Картридж SAMSUNG MLT-D111S;7
Картридж CB435A    Asta;7
Картридж CE505A    Asta;8
Картридж CF217A    Asta;7
Картридж CF226A   052   Asta;9
Картридж CRG-047/CF217A;7
Картридж CRG-057   Asta;10
Картридж HP CF232A;33
Картридж NPG-59;7
Картридж Toner Canon  IR2202;12
Картридж Toner Cartridge HP  W1500A 150A;10
Картридж Toner Cartridge HP 281A;25
Картридж Xerox 106R01531 for WC 3550;20
Картридж Xerox 3325 (106R02312);25
Картридж  CRG-070;11
Картридж  CRG-071 Asta;10
Картридж  Drum  XEROX B225;45
Картридж 106R04347  Xerox  B215;35
Картридж B225  Asta;10
Картридж CF259A    Asta;11
Картридж CRG-051/CF230A;7
Картридж CRG-067  Цветной комплект;70
Картридж HP 180  (205А)  530-531-532-533;60
Картридж W1510A/151A;12
Картридж Xerox 106R01379 для Xerox P3100;17
Картридж Xerox P3020 (106R02773);9
Картридж Тонер Универсал;1,15
Картридж CRG-054 (Цветной комплект) Asta;60
Картридж  287A    Asta;9
Картридж HP  222A /W2220A 21-22-23  Цветной комлект;85
Картридж HP  CC388A;10
Картридж HP 145A/W1450A;10
Картридж HP CE 255A    Asta;15
Картридж CRG-056L   Asta;12
Картридж Canon cartridge 725 Китай;7
Картридж HP  069 Цветной комплект;70
Картридж Samsung MLT-D104S китай;9
Картридж MLT-D109S    Asta;7
Картридж Toner canon C-EXV40;28
Картридж Toner Cartridge HP 150A;13
Картридж B225  Asta с чипом;38
Картридж W1106A/106A  Asta;10
Картридж CRG-049    Asta;7
Картридж hp Q7551A;20
Кейс Vizon Mercury;
Каробка;1
Кейс 240;35
Кейс Aigo DK352 (PLUS) White black with 4 fans;75
Кейс Gamemax Vista Pro ATX BK WH;80
Кейс Gamemax Infinity Black WH ATX;80
Кейс Gamemax Hype-M ATX BK WH;80
Кейс Gamemax ATX INFINITY PLUS WT BK;80
Кейс 360;50
Кейс Vision USB 3.0;13,5
Кейс Aigo C285M Black White;55
Клавиатуры GENIUS+RAPO;
Клавиатура Mechanical Gaming RGB KM-L112BK;33
Клавиатура Logitech Keyboard K 120;10
Клавиатура Logitech Keyboard МK 245;20
Клавиатура Logitech Keyboard МK 275;20
Клавиатура Logitech Keyboard МK 295;34
Клавиатура Logitech Keyboard МK 470;45
Клавиатура Logitech Keyboard МK 540;40
Клавиатура LuxeMate 100 (Black, USB)  RU;7
Клавиатура Logitech Keyboard МK 270;19
Клавиатура Logitech Keyboard МK 345;30
Клавиатура Logitech Keyboard МK 850;75
Клавиатура Logitech Keyboard МK 220;15
Клавиатура Exegate EX296104RUS Комплект беспроводной MK280 (кл.104кл+мышь 1000dpi 3кн;10
Клавиатура Exegate EX295304RUS Комплект беспроводной + мышь оптическая MK-210;10
Клавиатура Gaming   RGB KM-110BK;25
Клавиатура Logitech Keyboard МK 235;18
Клавиатура Exegate EX287139RUS Комплект проводной MK120 104кл+мышь 1000 3кн;9
Клавиатура Exegate EX286220RUS Комплект беспроводной  MK240 (кл.115кл+мышь800/1200 4кн;11
Клавиатура MERCURY KB-6800 KB 6900, MM, ENG;4
Клавиатура Exegate EX287402RUS Комплект беспроводной MK330 (кл.104кл+мышь 1000 3кн;10
Конекторы и Разетки;
Калпачок 5 ранг;0,01
Конектор RJ45   ( 100 донага );5
Розетка  RJ45  Сат 6  1 Выход;2
Розетка  RJ45  Кришка;1,5
Конектор RJ45 Железный сквозной;0,03
Розетка  RJ45  Сат 6  2 Выход;2
Куллеры;
Кулер Segotep cooler К6;17
Кулер Segotep water cooler 240S RGB;46
Кулер Segotep water cooler 360S RGB;60
Кулер INTELL 1700;8
Кулер Segotep 120S Водиной 1 куллера;33
Кулер 360 водянка;100
Куллер Вал Валак;3,5
Кулер С20   1700;4
Кулер 240 водянка китай;65
Кулер INTELL 775;4
Манитор LCD;
Монитор 34 AOC CU34G10X curved;300
Монитор 27 ASUS TUF GAMING;360
Монитор 19 DAHUA DHI-LM19-A200 FHD FHD;35
Монитор 24 HP S5 524SW FHD;125
Монитор 24 HP V24v G5 FHD Display;95
Монитор 22 M22F;130
Монитор 27 Philips 27E2N1100 IPS 120HZ;95
Монитор 34 Philips 34B2U3600C-93 curved;400
Монитор 24 SHARP LC-24LE155M;90
Монитор 24 Philips 24E2N1100 IPS 120HZ;79
Монитор HP MONITOR P34HC G4 WQHD USB-C;420
Монитор LENOVO Legion R27fc-30;230
Монитор LENOVO Legion R27Qc-30;280
Монитор 24  RedMi 1A 23.8 P24FBB-RA 1080P 100Hz;80
Монитор 27 RedMi 27 X27A 1080p 120Hz;95
Монитор 34 RedMi G34WQ 2026;250
Монитор 27 RedMi G27U 2024;250
Монитор 24 RedMi G25 1080p 200Hz 1ms FastIPS HDR400;110
Монитор 27 RedMi G27Q 320HZ;200
Монитор 27 RedMi G27Q 240Hz 2026;170
Монитор 27 RedMi G pro 27U 2025miniled 4k 160Hz;400
Монитор 27 RedMi mini-led G PRO 27Q;230
Монитор 24 RedMi G24Q 2026;135
Монитор 24 DELL E2423H-60.5CM-23.8 - 3YR;130
Монитор 27 HKC;180
Монитор 24 PHILIPS 242M8;160
Материнские  Платы;
Материнка Asus  B760 M-F;95
Материнка ASUS Z790-P;210
Материнка Gigabyte B760 М E;85
Материнка Gigabyte B760 М Н DDR4;80
Материнка Gigabyte H610 DDR4;65
Материнка Gigabyte Z890M  AORUS  ELITE WIFI7 ICE;250
Материнка Китай  H61  Esonik;17
Материнка Китай  H610 Esonik;49
Материнка Китай  H81 Esonik;23
Материнка Gigabyte B760 М K DDR 4;80
Материнка Asus H610 M G D4;75
Материнка Gigabyte B760 D5;100
Материнка Gigabyte Н 810 M-K DDR5;75
Материнка Аsus Prime B 860 M-Bro DDR5;100
Материнка Gigabyte Z790 D DDR5;190
Материнка Gigabyte Z890 UD;195
Мини АТС Panasonic;
Плата KX-TE82480;117
Моноблок;
"Моноблок HP 200 G4 AIO i3-1215U 4GB 1TB 21.5""FHD DOS NO ODD KB + MOUSE IRON GREY";445
Моноблок НР 290  i5 8Gb 512 SSD;550
"Моноблок HP AIO 27-CR0008L  i5-13 Gen 16 GB 512GB   27""";990
"Моноблок LENOVO IDEACENTRE 27IRH9 i7-13Gen 8GB 512GB DOS 27""";1 020
"Моноблок LENOVO IDEACENTRE 27IRH9 i5-13Gen 16GB 1TB DOS 27""";1 060
"Моноблок MSI Pro AP272P AIO 27  i5-14500 16GB 1TB  DOS 27""";1 040
"Моноблок HP AIO 27-CR0156NH i7-1355U 8GB 512GB FHD WHITE 27""";1 040
Системный Блок HP 290 G9 Core i3-10100/ 4GB RAM/ 1TB HDD/ DVD RW;290
Мышки GENIUS RAPO;
Мышка GENIUS  Ergo 500;1,5
Мышка GENIUS NX-MICRO RETRACTABLE BL;1,5
Мышка LOGITECH Wireless M 196;12
Мышка LOGITECH Wireless M 330;17
Мышка LOGITECH Wireless M 650;35
Мышка LOGITECH Wireless  M575s;35
Мышка LOGITECH Wireless  M705;31
Мышка LOGITECH Wireless  M187;20
Мышка MERCURY MX-1500, OPTICAL MOUSE;1,5
Мышка GALAX SLIDER-03, Gaming mouse, Optical, 7 buttons, 3325;20
Мышка LOGITECH Wireless M 280;14
Мышка LOGITECH  Pebble;20
Мышка LOGITECH Wireless M 170;8,5
Мышка LOGITECH Wireless  M235;13
Мышка LOGITECH Wireless  M650L;35
Мышка LOGITECH Wireless M 185;10
Мышка Rapoo Wireless  M100G  Silent;10
Наушники;
Наушники Dialog M251;2
Наушники Logitech   Headset G 331;33
Наушники LOGITECH Stereo Headset H 110;8
Наушники NGTD020202 Baseus Bowie D05 Wireless Headphones Creamy-white;18
Наушники LOGITECH Stereo Headset Н 390;24
Наушники Logitech USB Headset Н 340;22
Наушники A00050402113-00 Baseus Bowie H1i Noise-Cancellation Wireless Headphones Cluster Black;35
Оперативки;
Оперативка Lexar DDR4 3200   16 Gb Радиатор;110
Оперативка Lexar DDR4 3200   16 Gb Ноутбук;110
Оперативка Lexar DDR4 3200   8 Gb Ноутбук;55
Оперативка Китай  DDR3   8 Gb;18
Оперативка Kingston FURY Beast 32 ГБ DDR5 5200;395
Оперативка Lexar DDR4 3200   16 Gb;110
Оперативка Китай  DDR3   4 Gb;9
Оперативка Lexar Thor DDR5 6000   8 Gb;93
Оперативка Kingston 16 ГБ DDR4 3200;100
Оперативка Kingston 8 ГБ DDR4 2666;45
Оперативка Kingston FURY Beast 16 ГБ DDR5 5200;200
Пилоты  Mercury;
Пилот MERCURY 6240U-SCK 1.8m;12
Пилот MERCURY 8240U-SCK 3m;15
Пилот Китай  3m;6
Пилот Стоичный 8 Портов;20
Принтеры Canon Samsung Epson;
Принтер CANON MF275DW;310
Принтер CANON MF3010 i-SENSYS дубай;230
Принтер EPSON L8050;300
Принтер HP LJ M137fnw MFP;290
Принтер EPSON L14150;600
Принтер HP Laser Jet  M111w;125
Принтер Canon LBP 6030 image Class;135
Принтер HP Laser Jet   Pro 4103 fdw;550
Принтер EPSON ACULASER M1400 (220V) PRINTER;170
Принтер EPSON L 18050;580
Проекторы EPSON  BENQ ACER;
Экран 178 178*178 cm Manual;40
Экран 213 213*213 cm Electric;90
Экран 213 213*213 cm Tripod;70
Экран 213 213*213 cm Маnual;65
Экран 244 244*244 cm Manual;85
Экран 244 244*244 cm Tripod;85
Экран 266 266*149 cm Tripod;60
Экран 3 305*305 cm Electric;180
Экран 35 350*350 cm Electric;260
Проектор OPTOMA W371;290
Проектор V11HA86340  EPSONCO-WX02;370
Стойка Projector 1 метра;20
Электронная  доска ST-9400U 83 диагональ;200
Проектор EPSON EF-12;1 180
Экран 178 178*178 cm Tripod;40
Экран 244 244*244 cm Electric;130
Экран 4 400*300 cm Electric;250
Проектор Китай;90
Стойка Projector;15
Процессор Intel;
Процессор Intel Core i3 14100;130
Процессор Intel Core i7 -14700КF;355
Процессор Intel Core i7 -4770;155
Процессор Intel Core i9 -14900KF;445
Процессор I3-3260;9
Процессор I5-4460;20
Процессор TRAY Ultra 5 245K;285
Процессор TRAY Ultra 5 245KF;280
Процессор TRAY Ultra 7 265K;285
Процессор TRAY Ultra 9 285K Arrow Lake;530
Процессор Intel Core i3-9100F;81
Процессор Intel Core i9 -14900K;490
Процессор I5-3470;20
Процессор Intel Core i7 -14700;320
Процессор Intel Core i7 -14700К;415
Процессор I3-4170;18
Процессор TRAY Ultra 5 225F;240
"Прочие
 Товары";
Бловер сурх;12
Коврик 80*30;7
Коврик 90*40;9
Коврик Х88;2
Ламинатор А4 формат;40
Мошин электро;8 000
Бловер Черный;22
Галоген;1
Коврик;1
Свичы;
TL-SG1016    16-Port Gigabit Switch;50
TP -LINK 48-Port 10/100Mbps Rackmount Switch SF1048;100
TP LINK TL SG1008P POE SWITCH;45
Tp-Link 24 Port Gigabit Rackmount Switch SG1024D;75
TP-LINK 5-Port Gigabit with 4-Port PoE+ SG1005P;33
TP-LINK JetStream  SL2428P;175
TP-LINK SF1005LP 5-Port 10/100 Switch with 4-Port PoE;23
TPLINK SWITCH LS-SF 1005D;6
TPLINK SWITCH SF 1016 Стоичный;38
TPLINK SWITCH SG1016 Стоичный;60
Коммутатор TP-LINK  SG 1008 D;20
Коммутатор TP-LINK <TL-SF1008D;7
Коммутатор TP-Link T2500G-10MPS - L2,   8 Port Giga и 2 слотами SFP. Разъёмы RJ45;140
Коммутатор FS328GP 28 Port Gigabit Smart  PoE   24 PoE+ Port   4 x SFP Slots;200
D-Link, DES-1024A /E1B, Неуправляемый коммутатор, Черный, Нет, 24 x RJ45, 24 портов 10/100 Мбит/сек;35
Комутатор TP-Link SG1428PE 28-Port Gigabit Easy Smart Switch with 24-Port PoE+;200
TL-SG1008MP  8-Port Gigabit POE  Desktop/Rackmount;60
TP Link -SF1024D    24-портовый коммутатор 10/100 Мбит;42
TP-LINK SG1048 48-Port Gigabit Rackmount Switch;220
Коммутатор TP-Link Omada SG2428 P;200
TP-LINK 5-Port Gigabit Desktop Switch LS1005G;13
TP-Link LS1024G LiteWave 24-Port Gigabit Switch;70
Серверный  Шкафы Toten;
Шкаф 15 U 600x1000mm standing type server rack;350
Шкаф 18 U 600x1000mm standing type server rack;380
Шкаф 22 U 600x1000mm standing type server rack;400
Шкаф 32U 600x1000mm standing type server rack;540
Шкаф 37 U 600x1000 mm wall mounted type;600
Шкаф 4 U 600x450mm Китай;55
Шкаф 42U 800x1000mm standing type server rack;680
Шкаф 5 Pairs Punch Down Tool;12
Шкаф 6 U 600x450mm Китай;78
Шкаф 9 U 600x450mm Китай;95
Network patch panel CAT6 UTP 24port;20
Network patch panel CAT6 UTP 48port;35
Зажим RJ45 HT 546 Зард;7
Зажим RJ45 Прастой;9
Кабель канал  Metal cable manager 1U 19inch;13
Полка серверный шкаф калон;20
Полка серверный шкаф майда;10
РЕЛЬС  Sliding shelf for 600*1000mm cabinets;15
Тестер Lan;6
Шкаф 42U 600x1200mm standing type server rack;700
Шкаф 27U 600x1000mm standing type server rack;480
Зажим RJ45;12
Зажим Пач Панель;10
Шкаф 22 U 600x600mm standing type server rack;380
Шкаф 12 U 600x450mm Китай;100
Шкаф 42U 600x1000mm standing type server rack;610
Стабилизаторы Mercury;
Стабилизатор  Automatic Voltage Regulator 1000VA;33
Стабилизатор  Automatic Voltage Regulator 3000VA;80
Стабилизатор  Automatic Voltage Regulator 5000VA;88
Инвертор Mercury Inverter 1200 with LCD PANE;100
Инвертор  Mercury MC-33024E Radiant Inverter 3kva/24V;120
Стабилизатор AVR ANDELI  500va;25
Стабилизатор  Automatic Voltage Regulator 2000VA;52
Сумки  Miracase;
Сумка   Jeep   15,6;23
Сумка   Lucky Bat;15
Сумка  Рюкзак Бончи;20
Сумка  Сафед Сиех китай;8
Сумка EPOL  15.6;20
Сумка 90fen Vitality College Casual Backpack red;35
Сумка 90fen Vitality College Casual Backpack beige;35
Сумка 90fen Vitality College Casual Backpack yellow;35
Сумка 90fen Grinder Oxford casual backpack;35
Сумка Xiaomi 90Fen  Waterproof Commuting Bag;25
Сумка MQ Sports Travel Backpack;36
Сумка  DPark 15,6 Замш сабз-сафед сиех;16
Сумка Кожа Коричневый;25
Сумка  DPark кормашка Сиех;30
Сумка Рюкзак Sun Earth Cиех Серый;25
Сумка Рюкзак Sanwa;35
Сумка TANJIEZHE  Commuter backpack;36
Сумка 90fen All Weather Urban Functional Backpack;35
Сумка MQ Lingge Geometry Backpack;36
Сумка Розовый Черный  Гулоби Сиех;15
Флешки ADATA KINGSTON  TRANSCEND  APACER;
Флешка 64GB Lexar  JumpDrive D400 USB 3.0;12
Флешка 128 GB ADATA  USB 3.0;12
Флешка Usb 3.0 Samsung 128 GB;8
Карта памяти 128Gb MicroSD Lexar High-Performance 633x;24
Карта памяти 32Gb MicroSD Lexar High-Performance 633x;13
Карта памяти 64Gb MicroSD Lexar High-Performance 633x;14
Флешка Sandisk  32 GB микро;15
Флешка 32 GB Lexar  JumpDrive D400 USB 3.0;10
Флешка 256 GB Lexar  JumpDrive D400 USB 3.0;33
Флешка 128 GB Lexar  JumpDrive D400 USB 3.0;16
Карта Памяти  256 Gb Lexar High-Performance 1066x microSDXC;28
Дип кул;
Дип Кул CASE CH 370  WHITE;71
Дип Кул CASE CH 370 BLACK;71
Дип Кул LIQUID COOLER  LQ240;99
Дип Кул LIQUID COOLER  LT 360 ARGB;110
Дип Кул POWER PL800 D;70
Дип Кул  LIQUID COOLER  LM360;90
Дип Кул LIQUID COOLER  LE 360 PRO;65
Дип Кул CASE CG530 4F;70
Дип Кул CASE CG580 4F V2;80
Дип Кул  MYSTIQUE 240 ARGB;115
Дип Кул POWER PN1000 D;95
Дип Кул POWER PF750;55
Дип Кул CASE MATREXX 50;60
Дип Кул  N200 Notebook Cooler;10
Дип Кул U PAL Notebook Cooler;13
Дип Кул AIR COOLER CK-11508;5
Дип Кул CASE CH 160  WHITE;46
Дип Кул LIQUID COOLER  MYSTIQUE 240 ARGB;120
Дип Кул POWER PF600X;40
Дип Кул COOLER  LQ 360 ULTRA  ARGB;110
Дип Кул CASE CC560 LIMITED V2;50
Дип Кул CASE CG380 3F;60
Дип Кул MULTI CORE X6 Notebook Cooler;20
Прочие;
Виндовс офис;20
Куди;
Куди Cudy M1200(3-Pack) AC1200 Wi-Fi Mesh Solution;65
Куди Cudy M1300(3-Pack)AC1200 Wi-Fi Gigabit Mesh Solution;90
Куди Cudy M1500(3-Pack) AX1500 Gigabit Wi-Fi 6 Mesh Solution;100
Куди Cudy M3000(3-Pack) AX3000 Wi-Fi 6 Mesh 2.5G Solution;150
Куди Cudy UE10C USB-C to Ethernet Adapter;9
Куди Cudy UE25C;15
Куди Cudy UH40A 4-Port USB-A 3.0 Hub;6
Куди Cudy UH405 5-IN-1 USB-C Hub with 4K HDMI;10
Куди Cudy UH407 7-IN-1 USB C Hub with 4K HDMI;15
Куди Cudy UH605 5-IN-1 USB Hub with GbE;15
"Куди Cudy UH606 6-IN-1 USB-C Hub 
with GbE & 4K@60Hz HDMI";20
Куди Cudy WU900H AX900 Wi-Fi 6 bluetooth 5.4 High Gain USB  Adapter;12
Куди Cudy WU1400 AC1300 Wi-Fi High Gain USB 3.0 Adapter;15
Куди Cudy WE650 AC650 Wireless Dual-Band PCIe Adapter;13
Куди Cudy WE1300 AC1300 Wireless Dual Band PCIe Adapter;15
Куди Cudy PE10 Gigabit PCI Express Adapter;5
Куди Cudy FS1016 16-Port 10/100 Mbps Metal Switch;25
Куди Cudy FS1024 24-Port 10/100 Mbps Metal Switch;30
Куди Cudy GS1024 24-Port Gigabit Metal Switch;50
Куди Cudy GS1028ES2 26-Port Gigabit Easy-Managed Switch with 2 Combo Ports;85
Куди Cudy FS108D  V5.0;8
Куди Cudy GS105D V5.0;10
Куди Cudy GS108D;15
Куди Cudy GS1016;30
Куди Cudy WR1200;25
Кули Cudy LT300;37
Куди Cudy AP1300 Indoor;40
Куди Cudy AP3000 Outdoor;105
Куди Cudy AP1300 Outdoor;70
Куди Cudy WR3000;45
Куди Cudy M3000S(3-Pack) AX3000 Wi-Fi 6 Mesh Solution;110
Куди Cudy WE3000 AX3000 Wi-Fi 6 PCI Express Adapte;22
Куди Cudy UE10A USB-A to Ethernet Adapter;9
Куди Cudy UE25A USB-A to 2.5G Ethernet Adapter;15
Куди Cudy WE9300 BE9300  Wi-Fi 7 PCI Express Adapter;36
Куди Cudy PE10G 10G PCI Express Adapter(Marvell AQC113;50
Куди Cudy WR1300 V5.0;30
Микротик;
Mikrotik CRS326-24G-2S+RM;265
Mikrotik RBLHG5kit;85
Mikrotik SXTsq Lite5;59
MikroTik hAP RB951Ui-2nD;55
MikroTik SXT sq Lite 5 ax;85
MikroTik Hex RB750Gr3;78
MikroTik RB4011iGS+RM;280
MikroTik CRS106-1C-5S;75
MikroTik hEx PoE Lite;77
MikroTik hAP ax S;100
MikroTik RB5009UG+S+IN;280
MikroTik mANTBox ax 15s;225
MikroTik LHG-5axD;125
MikroTik hAP ac Lite RB952;75
MikroTik CRS305-1G-4S+IN;185
MikroTik Wap ax;110
MikroTik MANTBox 12S;125
Ноутбуки;
Ноутбук HP PROBOOK 4 G1i AI ULTRA 7-255U 16GB 512GB DOS PIKE SILVER BACKLIT 16 код 774;830
"Ноутбук ASUS ROG STRIX G815LM-IS96 ULTRA 9-275HX 32GB 1TB RTX 5060 8GB 2.5K WQXGA 240HZ W11 GRAY 18""";2 000
"Ноутбук LENOVO LEGION 83NX0000US 5i ULTRA 9-275HX 32GB 1TB RTX 5060 8GB WQXGA 500NITS W11 16""";1 700
Ноутбук ACER ASPIRE GO 15 AG15-42P-R917 R7-7730U 16GB 512GB FHD WIN 11 PURE SILVER 15.6;590
"Ноутбук LENOVO IP SLIM3 15IRH10 i7-13620H 16GB 512GB BACKLIT LUNA GREY DOS 15.3""";720
Ноутбук HP PROBOOK 450 G10 i5-1335U 16GB 1TB RTX 2050 4GB FHD BACKLIT PIKE SILVER ALUMINUM DOS 15.6;770
"Ноутбук HP VICTUS 15-FA2120NIA CORE7-240H 16GB 512GB RTX5050 8GB FHD IPS   15.6""";1 250
"Ноутбук HP VICTUS 15-FA2013DX i5-13420H 16 GB 512G 3050 6GB FHD IPS W11 15.6""";790
Ноутбук HP 15-FD0183WM i7-1355U 16GB 1TB FHD IPS FINGER PRINT W11 SILVER 15.6;760
Ноутбук DELL LDC15250-5434BLK-PUS i5-1334U 8GB 512GB TOUCH 2K FHD W11 CARBO BLACK 15.6;535
"Ноутбук ASUS E1504FA-AS52 VIVOBOOK GO R5-7520U 8GB 512GB FHD MIXED BLACK 15.6""";470
"Ноутбук LENOVO IP SLIM 3 15IRU8 i3-1315U 8GB 256GB FHD DOS 15.6""";415
Сервер Lenovo ST45V3 4124P/16G/2*960gb ssd/300W;1 300
Ноутбук HP VICTUS 15-FA2115NIA CORE 7-240H 16GB 1TB RTX 5060 8GB FHD IPS MICA SILVER DOS 15.6;1 400
"Ноутбук MSI CROSSHAIR 16 AI U9-275HX 32GB 2TB RTX5070 8GB QHD COSMOS GREY 16""";2 200
"Ноутбук HP PROBOOK 460 G11 ULTRA 7-155U 8GB 512GB BACKLIT FINGERPRINT DOS PIKE SILVER  16"" код 117";755
Ноутбук LENOVO IP SLIM 3i i5-1334U 8GB 512GB FHD W11 15.6;535
Кинетик;
Keenetic Carrier KN-1721;48
Keenetic Sprinter KN-3711;120
Keenetic Hopper SE KN-3812;145
Netcraze Speedster NC-3013;75
Netcraze Runner 4G (NC-2212);90
Netcraze Giga NC-1012;195
Калонки;
Калонка HP 2111;8
Калонка Kisonli A101S;9
Калонка Philips SPA 2209;9
